{
    "root_group": {
        "checks": {
            "status valid (200/502/504)": {
                "passes": 126,
                "fails": 0,
                "name": "status valid (200/502/504)",
                "path": "::status valid (200/502/504)",
                "id": "2e6666abf18ad4456a411770e97cc168"
            },
            "has response_category": {
                "passes": 126,
                "fails": 0,
                "name": "has response_category",
                "path": "::has response_category",
                "id": "c895dcb63e0943c8a9617f7a7c7f4b44"
            },
            "has request_id": {
                "name": "has request_id",
                "path": "::has request_id",
                "id": "d31e84a60b6442b2b2e867170c7b057d",
                "passes": 126,
                "fails": 0
            }
        },
        "name": "",
        "path": "",
        "id": "d41d8cd98f00b204e9800998ecf8427e",
        "groups": {}
    },
    "metrics": {
        "http_req_receiving": {
            "avg": 0.10270214285714288,
            "min": 0.086026,
            "med": 0.10020699999999999,
            "max": 0.213514,
            "p(90)": 0.113842,
            "p(95)": 0.12186925
        },
        "http_req_blocked": {
            "p(95)": 0.01455,
            "avg": 0.0858103968253969,
            "min": 0.0054,
            "med": 0.0067995,
            "max": 4.515116,
            "p(90)": 0.0100555
        },
        "http_req_waiting": {
            "avg": 22173.648477650775,
            "min": 5211.406822,
            "med": 24799.735507999998,
            "max": 25485.469149,
            "p(90)": 25304.5800075,
            "p(95)": 25385.283281
        },
        "vus_max": {
            "value": 5,
            "min": 5,
            "max": 5
        },
        "http_req_sending": {
            "med": 0.1310515,
            "max": 0.74646,
            "p(90)": 0.427488,
            "p(95)": 0.4648695,
            "avg": 0.21329868253968265,
            "min": 0.104397
        },
        "checks": {
            "passes": 378,
            "fails": 0,
            "value": 1
        },
        "vus": {
            "max": 5,
            "value": 1,
            "min": 1
        },
        "http_reqs": {
            "count": 126,
            "rate": 0.19072866568652708
        },
        "iteration_duration": {
            "p(90)": 26306.866627000003,
            "p(95)": 26388.13229275,
            "avg": 23176.54564871429,
            "min": 6214.319358,
            "med": 25802.322109,
            "max": 26488.130379
        },
        "http_req_duration": {
            "avg": 22173.96447847619,
            "min": 5211.642226,
            "med": 24800.086578,
            "max": 25485.683393,
            "p(90)": 25304.897023999998,
            "p(95)": 25385.548741749997,
            "thresholds": {
                "p(95)<60000": false
            }
        },
        "http_req_duration{expected_response:true}": {
            "med": 24800.086578,
            "max": 25485.683393,
            "p(90)": 25304.897023999998,
            "p(95)": 25385.548741749997,
            "avg": 22173.96447847619,
            "min": 5211.642226
        },
        "http_req_failed": {
            "passes": 0,
            "fails": 126,
            "thresholds": {
                "rate<0.60": false
            },
            "value": 0
        },
        "data_received": {
            "count": 174699,
            "rate": 264.4452949743698
        },
        "iterations": {
            "count": 126,
            "rate": 0.19072866568652708
        },
        "http_req_connecting": {
            "avg": 0.07513057936507936,
            "min": 0,
            "med": 0,
            "max": 4.42362,
            "p(90)": 0,
            "p(95)": 0
        },
        "data_sent": {
            "rate": 24766.156596104334,
            "count": 16361126
        },
        "http_req_tls_handshaking": {
            "max": 0,
            "p(90)": 0,
            "p(95)": 0,
            "avg": 0,
            "min": 0,
            "med": 0
        }
    }
}