{
    "metrics": {
        "http_req_connecting": {
            "p(95)": 0,
            "avg": 0.010903064935064934,
            "min": 0,
            "med": 0,
            "max": 3.418677,
            "p(90)": 0
        },
        "http_req_duration": {
            "avg": 3198.571296301587,
            "min": 360.672013,
            "med": 876.478541,
            "max": 25198.614002,
            "p(90)": 9796.533978000025,
            "p(95)": 24797.4062234,
            "thresholds": {
                "p(95)<60000": false
            }
        },
        "vus_max": {
            "value": 5,
            "min": 5,
            "max": 5
        },
        "vus": {
            "max": 5,
            "value": 1,
            "min": 1
        },
        "iterations": {
            "count": 693,
            "rate": 1.044099433085688
        },
        "data_received": {
            "count": 976249,
            "rate": 1470.8528534638815
        },
        "iteration_duration": {
            "max": 26200.803765,
            "p(90)": 10798.793709200023,
            "p(95)": 25799.7210418,
            "avg": 4201.073162536792,
            "min": 1364.144502,
            "med": 1878.758971
        },
        "http_reqs": {
            "count": 693,
            "rate": 1.044099433085688
        },
        "http_req_tls_handshaking": {
            "max": 0,
            "p(90)": 0,
            "p(95)": 0,
            "avg": 0,
            "min": 0,
            "med": 0
        },
        "http_req_sending": {
            "avg": 0.18253773015873018,
            "min": 0.086788,
            "med": 0.126076,
            "max": 1.427292,
            "p(90)": 0.41099880000000005,
            "p(95)": 0.4737904
        },
        "checks": {
            "passes": 2079,
            "fails": 0,
            "value": 1
        },
        "http_req_receiving": {
            "min": 0.069079,
            "med": 0.098027,
            "max": 0.480118,
            "p(90)": 0.1134248,
            "p(95)": 0.120055,
            "avg": 0.10045678210678219
        },
        "http_req_failed": {
            "passes": 607,
            "fails": 86,
            "thresholds": {
                "rate<0.60": true
            },
            "value": 0.8759018759018758
        },
        "http_req_blocked": {
            "med": 0.00664,
            "max": 3.513605,
            "p(90)": 0.0088708,
            "p(95)": 0.0097376,
            "avg": 0.019411232323232292,
            "min": 0.005031
        },
        "data_sent": {
            "count": 90003661,
            "rate": 135602.84477018248
        },
        "http_req_duration{expected_response:true}": {
            "p(90)": 24997.3972535,
            "p(95)": 25095.72871525,
            "avg": 19839.33745581395,
            "min": 4996.911195,
            "med": 24625.617848,
            "max": 25198.614002
        },
        "http_req_waiting": {
            "p(90)": 9796.316711400024,
            "p(95)": 24797.1803056,
            "avg": 3198.288301789321,
            "min": 360.089489,
            "med": 876.194959,
            "max": 25198.400537
        }
    },
    "root_group": {
        "name": "",
        "path": "",
        "id": "d41d8cd98f00b204e9800998ecf8427e",
        "groups": {},
        "checks": {
                "status valid (200/502/504)": {
                    "passes": 693,
                    "fails": 0,
                    "name": "status valid (200/502/504)",
                    "path": "::status valid (200/502/504)",
                    "id": "2e6666abf18ad4456a411770e97cc168"
                },
                "has response_category": {
                    "id": "c895dcb63e0943c8a9617f7a7c7f4b44",
                    "passes": 693,
                    "fails": 0,
                    "name": "has response_category",
                    "path": "::has response_category"
                },
                "has request_id": {
                    "id": "d31e84a60b6442b2b2e867170c7b057d",
                    "passes": 693,
                    "fails": 0,
                    "name": "has request_id",
                    "path": "::has request_id"
                }
            }
    }
}